"","OpenSea","N_Shelf","N_Shore","Island","S_Shore","S_Shelf"
"Promoter",0.1164621465399,0.102998995174501,0.124221049754897,0.146041950369168,0.115637795393847,0.103793295570619
"5'UTR",0.0530358898721731,0.0622389306599833,0.0569429198682766,0.0741838816628411,0.0573958674975402,0.0576832151300236
"1stExon",0.0588487972508591,0.0489130434782609,0.0623832648487112,0.0746423541620339,0.0625,0.037037037037037
"Body",0.0523911393278587,0.0493794088757925,0.0510093237983163,0.0633284583420387,0.0507863308501833,0.0473962571196094
"3'UTR",0.0485609908224182,0.0415879017013233,0.0554833116601647,0.0638297872340425,0.056393076493579,0.0479302832244009
